Title,Link
,https://devdutt.com/
Home,https://devdutt.com/
All Archives,https://devdutt.com/post-archive/
Articles,https://devdutt.com/category/content/articles/
Books,https://devdutt.com/?cat=175
Videos,https://devdutt.com/?cat=315
Podcasts,https://devdutt.com/?cat=317
Interviews,https://devdutt.com/?cat=1847
Links in Bio,https://devdutt.com/link-in-bio/
About,https://devdutt.com/about/
Contact,https://devdutt.com/contact/
STORE,https://store.devdutt.com
Facebook,https://www.facebook.com/devduttmyth/
Twitter,https://twitter.com/devduttmyth
LinkedIn,https://in.linkedin.com/in/devdutt-pattanaik-03a35665
YouTube,https://www.youtube.com/channel/UC2PN8W-UI84KeJWjyUiovzg
Instagram,https://www.instagram.com/devduttmyth/
,https://devdutt.com/from-rudra-to-bholenath/
Shiva,https://devdutt.com/category/religions/shiva/
,https://devdutt.com/a-thousand-buddhas/
Buddhism,https://devdutt.com/category/religions/buddhism-religions/
,https://devdutt.com/layer-upon-layer-of-the-ramayana/
Ramayana,https://devdutt.com/category/subjects/ramayana/
,https://devdutt.com/incomplete-marriages/
Culture,https://devdutt.com/category/subjects/culture/
Festivals,https://devdutt.com/category/subjects/festivals/
,https://devdutt.com/cultural-significance-of-elephant-and-horse/
Culture,https://devdutt.com/category/subjects/culture/
UPSC,https://devdutt.com/category/content/upsc/
,https://devdutt.com/horse-before-petrol/
Culture,https://devdutt.com/category/subjects/culture/
Economics,https://devdutt.com/category/subjects/economics/
,https://devdutt.com/hail-the-fire-goddesses/
Devi,https://devdutt.com/category/subjects/devi/
Feminism,https://devdutt.com/category/subjects/feminism/
Women,https://devdutt.com/category/audience/women/
,https://devdutt.com/buddhism-jainism-within-brahmanism/
Buddhism,https://devdutt.com/category/religions/buddhism-religions/
Hinduism,https://devdutt.com/category/religions/hinduism/
Jainism,https://devdutt.com/category/religions/jainism/
Vedic,https://devdutt.com/category/religions/vedic/
,https://devdutt.com/whose-shrine-is-it-anyway/
Society,https://devdutt.com/category/subjects/society/
,https://devdutt.com/the-mercantile-side-of-buddhism/
Buddhism,https://devdutt.com/category/religions/buddhism-religions/
,https://devdutt.com/secrets-of-goddesses-and-trees/
Culture,https://devdutt.com/category/subjects/culture/
Devi,https://devdutt.com/category/subjects/devi/
,https://devdutt.com/how-mythology-impacts-notions-of-social-justice/
Culture,https://devdutt.com/category/subjects/culture/
Philosophy,https://devdutt.com/category/subjects/philosophy/
Society,https://devdutt.com/category/subjects/society/
,https://devdutt.com/kubera-the-refugee-from-lanka/
Art,https://devdutt.com/category/subjects/art/
Heritage,https://devdutt.com/category/subjects/heritage/
Philosophy,https://devdutt.com/category/subjects/philosophy/
Politics,https://devdutt.com/category/subjects/politics/
Ramayana,https://devdutt.com/category/subjects/ramayana/
Society,https://devdutt.com/category/subjects/society/
Stories,https://devdutt.com/category/subjects/stories/
,https://devdutt.com/asap-in-eternal-time/
Philosophy,https://devdutt.com/category/subjects/philosophy/
Society,https://devdutt.com/category/subjects/society/
,https://devdutt.com/the-many-horse-invaders-of-india/
Anthropology,https://devdutt.com/category/subjects/anthropology/
Culture,https://devdutt.com/category/subjects/culture/
Heritage,https://devdutt.com/category/subjects/heritage/
Islamic,https://devdutt.com/category/period/islamic-age/
Mughal,https://devdutt.com/category/period/mughal/
Politics,https://devdutt.com/category/subjects/politics/
Society,https://devdutt.com/category/subjects/society/
Post Archives,https://devdutt.com/post-archive/
All Posts,https://devdutt.com/all-post-page
Post Archives,https://devdutt.com/post-archive/
Facebook,https://www.facebook.com/devduttmyth/
LinkedIn,https://in.linkedin.com/in/devdutt-pattanaik-03a35665
YouTube,https://www.youtube.com/channel/UC2PN8W-UI84KeJWjyUiovzg
Instagram,https://www.instagram.com/devduttmyth/
Twitter,https://twitter.com/devduttmyth
Threads,https://www.threads.net/@devduttmyth
Contact,https://devdutt.com/contact/
Terms of Use,https://devdutt.com/terms-of-use/
Privacy Policy,https://devdutt.com/privacy-policy/
